publish_time_utc,start_time_utc,settlement_date,settlement_period,fuel_type,generation_mw
2026-09-07T23:05:00Z,2026-09-07T23:00:00Z,2026-09-08,1,WIND,10572
2026-09-07T23:10:00Z,2026-09-07T23:05:00Z,2026-09-08,1,WIND,10795
2026-09-07T23:15:00Z,2026-09-07T23:10:00Z,2026-09-08,1,WIND,11179
2026-09-07T23:20:00Z,2026-09-07T23:15:00Z,2026-09-08,1,WIND,11378
2026-09-07T23:25:00Z,2026-09-07T23:20:00Z,2026-09-08,1,WIND,11554
2026-09-07T23:30:00Z,2026-09-07T23:25:00Z,2026-09-08,1,WIND,11583
2026-09-07T23:35:00Z,2026-09-07T23:30:00Z,2026-09-08,2,WIND,11423
2026-09-07T23:40:00Z,2026-09-07T23:35:00Z,2026-09-08,2,WIND,11400
2026-09-07T23:45:00Z,2026-09-07T23:40:00Z,2026-09-08,2,WIND,11416
2026-09-07T23:50:00Z,2026-09-07T23:45:00Z,2026-09-08,2,WIND,11516
2026-09-07T23:55:00Z,2026-09-07T23:50:00Z,2026-09-08,2,WIND,11517
2026-09-08T00:00:00Z,2026-09-07T23:55:00Z,2026-09-08,2,WIND,11327
2026-09-08T00:05:00Z,2026-09-08T00:00:00Z,2026-09-08,3,WIND,11268
2026-09-08T00:10:00Z,2026-09-08T00:05:00Z,2026-09-08,3,WIND,11305
2026-09-08T00:15:00Z,2026-09-08T00:10:00Z,2026-09-08,3,WIND,11253
2026-09-08T00:20:00Z,2026-09-08T00:15:00Z,2026-09-08,3,WIND,11185
2026-09-08T00:25:00Z,2026-09-08T00:20:00Z,2026-09-08,3,WIND,11223
2026-09-08T00:30:00Z,2026-09-08T00:25:00Z,2026-09-08,3,WIND,11293
2026-09-08T00:35:00Z,2026-09-08T00:30:00Z,2026-09-08,4,WIND,11314
2026-09-08T00:40:00Z,2026-09-08T00:35:00Z,2026-09-08,4,WIND,11348
2026-09-08T00:45:00Z,2026-09-08T00:40:00Z,2026-09-08,4,WIND,11394
2026-09-08T00:50:00Z,2026-09-08T00:45:00Z,2026-09-08,4,WIND,11575
2026-09-08T00:55:00Z,2026-09-08T00:50:00Z,2026-09-08,4,WIND,12012
2026-09-08T01:00:00Z,2026-09-08T00:55:00Z,2026-09-08,4,WIND,12454
2026-09-08T01:05:00Z,2026-09-08T01:00:00Z,2026-09-08,5,WIND,12716
2026-09-08T01:10:00Z,2026-09-08T01:05:00Z,2026-09-08,5,WIND,13003
2026-09-08T01:15:00Z,2026-09-08T01:10:00Z,2026-09-08,5,WIND,13216
2026-09-08T01:20:00Z,2026-09-08T01:15:00Z,2026-09-08,5,WIND,13336
2026-09-08T01:25:00Z,2026-09-08T01:20:00Z,2026-09-08,5,WIND,13545
2026-09-08T01:30:00Z,2026-09-08T01:25:00Z,2026-09-08,5,WIND,13678
2026-09-08T01:35:00Z,2026-09-08T01:30:00Z,2026-09-08,6,WIND,13687
2026-09-08T01:40:00Z,2026-09-08T01:35:00Z,2026-09-08,6,WIND,13805
2026-09-08T01:45:00Z,2026-09-08T01:40:00Z,2026-09-08,6,WIND,13680
2026-09-08T01:50:00Z,2026-09-08T01:45:00Z,2026-09-08,6,WIND,13729
2026-09-08T01:55:00Z,2026-09-08T01:50:00Z,2026-09-08,6,WIND,13739
2026-09-08T02:00:00Z,2026-09-08T01:55:00Z,2026-09-08,6,WIND,13674
2026-09-08T02:05:00Z,2026-09-08T02:00:00Z,2026-09-08,7,WIND,13741
2026-09-08T02:10:00Z,2026-09-08T02:05:00Z,2026-09-08,7,WIND,13914
2026-09-08T02:15:00Z,2026-09-08T02:10:00Z,2026-09-08,7,WIND,13997
2026-09-08T02:20:00Z,2026-09-08T02:15:00Z,2026-09-08,7,WIND,14041
2026-09-08T02:25:00Z,2026-09-08T02:20:00Z,2026-09-08,7,WIND,14123
2026-09-08T02:30:00Z,2026-09-08T02:25:00Z,2026-09-08,7,WIND,14251
2026-09-08T02:35:00Z,2026-09-08T02:30:00Z,2026-09-08,8,WIND,14319
2026-09-08T02:40:00Z,2026-09-08T02:35:00Z,2026-09-08,8,WIND,14348
2026-09-08T02:45:00Z,2026-09-08T02:40:00Z,2026-09-08,8,WIND,14470
2026-09-08T02:50:00Z,2026-09-08T02:45:00Z,2026-09-08,8,WIND,14549
2026-09-08T02:55:00Z,2026-09-08T02:50:00Z,2026-09-08,8,WIND,14601
2026-09-08T03:00:00Z,2026-09-08T02:55:00Z,2026-09-08,8,WIND,14657
2026-09-08T03:05:00Z,2026-09-08T03:00:00Z,2026-09-08,9,WIND,14667
2026-09-08T03:10:00Z,2026-09-08T03:05:00Z,2026-09-08,9,WIND,14691
2026-09-08T03:15:00Z,2026-09-08T03:10:00Z,2026-09-08,9,WIND,14769
2026-09-08T03:20:00Z,2026-09-08T03:15:00Z,2026-09-08,9,WIND,14784
2026-09-08T03:25:00Z,2026-09-08T03:20:00Z,2026-09-08,9,WIND,14770
2026-09-08T03:30:00Z,2026-09-08T03:25:00Z,2026-09-08,9,WIND,14788
2026-09-08T03:35:00Z,2026-09-08T03:30:00Z,2026-09-08,10,WIND,14800
2026-09-08T03:40:00Z,2026-09-08T03:35:00Z,2026-09-08,10,WIND,14837
2026-09-08T03:45:00Z,2026-09-08T03:40:00Z,2026-09-08,10,WIND,14839
2026-09-08T03:50:00Z,2026-09-08T03:45:00Z,2026-09-08,10,WIND,14784
2026-09-08T03:55:00Z,2026-09-08T03:50:00Z,2026-09-08,10,WIND,14766
2026-09-08T04:00:00Z,2026-09-08T03:55:00Z,2026-09-08,10,WIND,14757
2026-09-08T04:05:00Z,2026-09-08T04:00:00Z,2026-09-08,11,WIND,14757
2026-09-08T04:10:00Z,2026-09-08T04:05:00Z,2026-09-08,11,WIND,14859
2026-09-08T04:15:00Z,2026-09-08T04:10:00Z,2026-09-08,11,WIND,14918
2026-09-08T04:20:00Z,2026-09-08T04:15:00Z,2026-09-08,11,WIND,14865
2026-09-08T04:25:00Z,2026-09-08T04:20:00Z,2026-09-08,11,WIND,14706
2026-09-08T04:30:00Z,2026-09-08T04:25:00Z,2026-09-08,11,WIND,14644
2026-09-08T04:35:00Z,2026-09-08T04:30:00Z,2026-09-08,12,WIND,14628
2026-09-08T04:40:00Z,2026-09-08T04:35:00Z,2026-09-08,12,WIND,14656
2026-09-08T04:45:00Z,2026-09-08T04:40:00Z,2026-09-08,12,WIND,14637
2026-09-08T04:50:00Z,2026-09-08T04:45:00Z,2026-09-08,12,WIND,14633
2026-09-08T04:55:00Z,2026-09-08T04:50:00Z,2026-09-08,12,WIND,14590
2026-09-08T05:00:00Z,2026-09-08T04:55:00Z,2026-09-08,12,WIND,14633
2026-09-08T05:05:00Z,2026-09-08T05:00:00Z,2026-09-08,13,WIND,14528
2026-09-08T05:10:00Z,2026-09-08T05:05:00Z,2026-09-08,13,WIND,14365
2026-09-08T05:15:00Z,2026-09-08T05:10:00Z,2026-09-08,13,WIND,14181
2026-09-08T05:20:00Z,2026-09-08T05:15:00Z,2026-09-08,13,WIND,14114
2026-09-08T05:25:00Z,2026-09-08T05:20:00Z,2026-09-08,13,WIND,13994
2026-09-08T05:30:00Z,2026-09-08T05:25:00Z,2026-09-08,13,WIND,13641
2026-09-08T05:35:00Z,2026-09-08T05:30:00Z,2026-09-08,14,WIND,13560
2026-09-08T05:40:00Z,2026-09-08T05:35:00Z,2026-09-08,14,WIND,13492
2026-09-08T05:45:00Z,2026-09-08T05:40:00Z,2026-09-08,14,WIND,13509
2026-09-08T05:50:00Z,2026-09-08T05:45:00Z,2026-09-08,14,WIND,13459
2026-09-08T05:55:00Z,2026-09-08T05:50:00Z,2026-09-08,14,WIND,13475
2026-09-08T06:00:00Z,2026-09-08T05:55:00Z,2026-09-08,14,WIND,13415
2026-09-08T06:05:00Z,2026-09-08T06:00:00Z,2026-09-08,15,WIND,13343
2026-09-08T06:10:00Z,2026-09-08T06:05:00Z,2026-09-08,15,WIND,13255
2026-09-08T06:15:00Z,2026-09-08T06:10:00Z,2026-09-08,15,WIND,13287
2026-09-08T06:20:00Z,2026-09-08T06:15:00Z,2026-09-08,15,WIND,13358
2026-09-08T06:25:00Z,2026-09-08T06:20:00Z,2026-09-08,15,WIND,13463
2026-09-08T06:30:00Z,2026-09-08T06:25:00Z,2026-09-08,15,WIND,13466
2026-09-08T06:35:00Z,2026-09-08T06:30:00Z,2026-09-08,16,WIND,13399
2026-09-08T06:40:00Z,2026-09-08T06:35:00Z,2026-09-08,16,WIND,13381
2026-09-08T06:45:00Z,2026-09-08T06:40:00Z,2026-09-08,16,WIND,13320
2026-09-08T06:50:00Z,2026-09-08T06:45:00Z,2026-09-08,16,WIND,13176
2026-09-08T06:55:00Z,2026-09-08T06:50:00Z,2026-09-08,16,WIND,13039
2026-09-08T07:00:00Z,2026-09-08T06:55:00Z,2026-09-08,16,WIND,13000
2026-09-08T07:05:00Z,2026-09-08T07:00:00Z,2026-09-08,17,WIND,12924
2026-09-08T07:10:00Z,2026-09-08T07:05:00Z,2026-09-08,17,WIND,12670
2026-09-08T07:15:00Z,2026-09-08T07:10:00Z,2026-09-08,17,WIND,12436
2026-09-08T07:20:00Z,2026-09-08T07:15:00Z,2026-09-08,17,WIND,12247
2026-09-08T07:25:00Z,2026-09-08T07:20:00Z,2026-09-08,17,WIND,12354
2026-09-08T07:30:00Z,2026-09-08T07:25:00Z,2026-09-08,17,WIND,12418
2026-09-08T07:35:00Z,2026-09-08T07:30:00Z,2026-09-08,18,WIND,12257
2026-09-08T07:40:00Z,2026-09-08T07:35:00Z,2026-09-08,18,WIND,12144
2026-09-08T07:45:00Z,2026-09-08T07:40:00Z,2026-09-08,18,WIND,12076
2026-09-08T07:50:00Z,2026-09-08T07:45:00Z,2026-09-08,18,WIND,11997
2026-09-08T07:55:00Z,2026-09-08T07:50:00Z,2026-09-08,18,WIND,11898
2026-09-08T08:00:00Z,2026-09-08T07:55:00Z,2026-09-08,18,WIND,11881
2026-09-08T08:05:00Z,2026-09-08T08:00:00Z,2026-09-08,19,WIND,11907
2026-09-08T08:10:00Z,2026-09-08T08:05:00Z,2026-09-08,19,WIND,11901
2026-09-08T08:15:00Z,2026-09-08T08:10:00Z,2026-09-08,19,WIND,11877
2026-09-08T08:20:00Z,2026-09-08T08:15:00Z,2026-09-08,19,WIND,11806
2026-09-08T08:25:00Z,2026-09-08T08:20:00Z,2026-09-08,19,WIND,11658
2026-09-08T08:30:00Z,2026-09-08T08:25:00Z,2026-09-08,19,WIND,11458
2026-09-08T08:35:00Z,2026-09-08T08:30:00Z,2026-09-08,20,WIND,11373
2026-09-08T08:40:00Z,2026-09-08T08:35:00Z,2026-09-08,20,WIND,11412
2026-09-08T08:45:00Z,2026-09-08T08:40:00Z,2026-09-08,20,WIND,11401
2026-09-08T08:50:00Z,2026-09-08T08:45:00Z,2026-09-08,20,WIND,11323
2026-09-08T08:55:00Z,2026-09-08T08:50:00Z,2026-09-08,20,WIND,11298
2026-09-08T09:00:00Z,2026-09-08T08:55:00Z,2026-09-08,20,WIND,11246
2026-09-08T09:05:00Z,2026-09-08T09:00:00Z,2026-09-08,21,WIND,11165
2026-09-08T09:10:00Z,2026-09-08T09:05:00Z,2026-09-08,21,WIND,11136
2026-09-08T09:15:00Z,2026-09-08T09:10:00Z,2026-09-08,21,WIND,11162
2026-09-08T09:20:00Z,2026-09-08T09:15:00Z,2026-09-08,21,WIND,11153
2026-09-08T09:25:00Z,2026-09-08T09:20:00Z,2026-09-08,21,WIND,11139
2026-09-08T09:30:00Z,2026-09-08T09:25:00Z,2026-09-08,21,WIND,11334
2026-09-08T09:35:00Z,2026-09-08T09:30:00Z,2026-09-08,22,WIND,11373
2026-09-08T09:40:00Z,2026-09-08T09:35:00Z,2026-09-08,22,WIND,11197
2026-09-08T09:45:00Z,2026-09-08T09:40:00Z,2026-09-08,22,WIND,11172
2026-09-08T09:50:00Z,2026-09-08T09:45:00Z,2026-09-08,22,WIND,11229
2026-09-08T09:55:00Z,2026-09-08T09:50:00Z,2026-09-08,22,WIND,11212
2026-09-08T10:00:00Z,2026-09-08T09:55:00Z,2026-09-08,22,WIND,11213
2026-09-08T10:05:00Z,2026-09-08T10:00:00Z,2026-09-08,23,WIND,11118
2026-09-08T10:10:00Z,2026-09-08T10:05:00Z,2026-09-08,23,WIND,11064
2026-09-08T10:15:00Z,2026-09-08T10:10:00Z,2026-09-08,23,WIND,11106
2026-09-08T10:20:00Z,2026-09-08T10:15:00Z,2026-09-08,23,WIND,11109
2026-09-08T10:25:00Z,2026-09-08T10:20:00Z,2026-09-08,23,WIND,11148
2026-09-08T10:30:00Z,2026-09-08T10:25:00Z,2026-09-08,23,WIND,11098
2026-09-08T10:35:00Z,2026-09-08T10:30:00Z,2026-09-08,24,WIND,11099
2026-09-08T10:40:00Z,2026-09-08T10:35:00Z,2026-09-08,24,WIND,11115
2026-09-08T10:45:00Z,2026-09-08T10:40:00Z,2026-09-08,24,WIND,11138
2026-09-08T10:50:00Z,2026-09-08T10:45:00Z,2026-09-08,24,WIND,11195
2026-09-08T10:55:00Z,2026-09-08T10:50:00Z,2026-09-08,24,WIND,11228
2026-09-08T11:00:00Z,2026-09-08T10:55:00Z,2026-09-08,24,WIND,11239
2026-09-08T11:05:00Z,2026-09-08T11:00:00Z,2026-09-08,25,WIND,11184
2026-09-08T11:10:00Z,2026-09-08T11:05:00Z,2026-09-08,25,WIND,11099
2026-09-08T11:15:00Z,2026-09-08T11:10:00Z,2026-09-08,25,WIND,10996
2026-09-08T11:20:00Z,2026-09-08T11:15:00Z,2026-09-08,25,WIND,11049
2026-09-08T11:25:00Z,2026-09-08T11:20:00Z,2026-09-08,25,WIND,11125
2026-09-08T11:30:00Z,2026-09-08T11:25:00Z,2026-09-08,25,WIND,11109
2026-09-08T11:35:00Z,2026-09-08T11:30:00Z,2026-09-08,26,WIND,11159
2026-09-08T11:40:00Z,2026-09-08T11:35:00Z,2026-09-08,26,WIND,11218
2026-09-08T11:45:00Z,2026-09-08T11:40:00Z,2026-09-08,26,WIND,11215
2026-09-08T11:50:00Z,2026-09-08T11:45:00Z,2026-09-08,26,WIND,11175
2026-09-08T11:55:00Z,2026-09-08T11:50:00Z,2026-09-08,26,WIND,11083
2026-09-08T12:00:00Z,2026-09-08T11:55:00Z,2026-09-08,26,WIND,11133
2026-09-08T12:05:00Z,2026-09-08T12:00:00Z,2026-09-08,27,WIND,11212
2026-09-08T12:10:00Z,2026-09-08T12:05:00Z,2026-09-08,27,WIND,11156
2026-09-08T12:15:00Z,2026-09-08T12:10:00Z,2026-09-08,27,WIND,11156
2026-09-08T12:20:00Z,2026-09-08T12:15:00Z,2026-09-08,27,WIND,11126
2026-09-08T12:25:00Z,2026-09-08T12:20:00Z,2026-09-08,27,WIND,11042
2026-09-08T12:30:00Z,2026-09-08T12:25:00Z,2026-09-08,27,WIND,10928
2026-09-08T12:35:00Z,2026-09-08T12:30:00Z,2026-09-08,28,WIND,10770
2026-09-08T12:40:00Z,2026-09-08T12:35:00Z,2026-09-08,28,WIND,10722
2026-09-08T12:45:00Z,2026-09-08T12:40:00Z,2026-09-08,28,WIND,10764
2026-09-08T12:50:00Z,2026-09-08T12:45:00Z,2026-09-08,28,WIND,10649
2026-09-08T12:55:00Z,2026-09-08T12:50:00Z,2026-09-08,28,WIND,8974
2026-09-08T13:00:00Z,2026-09-08T12:55:00Z,2026-09-08,28,WIND,8454
2026-09-08T13:05:00Z,2026-09-08T13:00:00Z,2026-09-08,29,WIND,8462
2026-09-08T13:10:00Z,2026-09-08T13:05:00Z,2026-09-08,29,WIND,9677
2026-09-08T13:15:00Z,2026-09-08T13:10:00Z,2026-09-08,29,WIND,9803
2026-09-08T13:20:00Z,2026-09-08T13:15:00Z,2026-09-08,29,WIND,8661
2026-09-08T13:25:00Z,2026-09-08T13:20:00Z,2026-09-08,29,WIND,8183
2026-09-08T13:30:00Z,2026-09-08T13:25:00Z,2026-09-08,29,WIND,10767
2026-09-08T13:35:00Z,2026-09-08T13:30:00Z,2026-09-08,30,WIND,9436
2026-09-08T13:40:00Z,2026-09-08T13:35:00Z,2026-09-08,30,WIND,9041
2026-09-08T13:45:00Z,2026-09-08T13:40:00Z,2026-09-08,30,WIND,9240
2026-09-08T13:50:00Z,2026-09-08T13:45:00Z,2026-09-08,30,WIND,10920
2026-09-08T13:55:00Z,2026-09-08T13:50:00Z,2026-09-08,30,WIND,9213
2026-09-08T14:00:00Z,2026-09-08T13:55:00Z,2026-09-08,30,WIND,9363
2026-09-08T14:05:00Z,2026-09-08T14:00:00Z,2026-09-08,31,WIND,9376
2026-09-08T14:10:00Z,2026-09-08T14:05:00Z,2026-09-08,31,WIND,9372
2026-09-08T14:15:00Z,2026-09-08T14:10:00Z,2026-09-08,31,WIND,9412
2026-09-08T14:20:00Z,2026-09-08T14:15:00Z,2026-09-08,31,WIND,9430
2026-09-08T14:25:00Z,2026-09-08T14:20:00Z,2026-09-08,31,WIND,9559
2026-09-08T14:30:00Z,2026-09-08T14:25:00Z,2026-09-08,31,WIND,9625
2026-09-08T14:35:00Z,2026-09-08T14:30:00Z,2026-09-08,32,WIND,11140
2026-09-08T14:40:00Z,2026-09-08T14:35:00Z,2026-09-08,32,WIND,11222
2026-09-08T14:45:00Z,2026-09-08T14:40:00Z,2026-09-08,32,WIND,11159
2026-09-08T14:50:00Z,2026-09-08T14:45:00Z,2026-09-08,32,WIND,11267
2026-09-08T14:55:00Z,2026-09-08T14:50:00Z,2026-09-08,32,WIND,11327
2026-09-08T15:00:00Z,2026-09-08T14:55:00Z,2026-09-08,32,WIND,11445
2026-09-08T15:05:00Z,2026-09-08T15:00:00Z,2026-09-08,33,WIND,11599
2026-09-08T15:10:00Z,2026-09-08T15:05:00Z,2026-09-08,33,WIND,11715
2026-09-08T15:15:00Z,2026-09-08T15:10:00Z,2026-09-08,33,WIND,11802
2026-09-08T15:20:00Z,2026-09-08T15:15:00Z,2026-09-08,33,WIND,11811
2026-09-08T15:25:00Z,2026-09-08T15:20:00Z,2026-09-08,33,WIND,11852
2026-09-08T15:30:00Z,2026-09-08T15:25:00Z,2026-09-08,33,WIND,11987
2026-09-08T15:35:00Z,2026-09-08T15:30:00Z,2026-09-08,34,WIND,12256
2026-09-08T15:40:00Z,2026-09-08T15:35:00Z,2026-09-08,34,WIND,12459
2026-09-08T15:45:00Z,2026-09-08T15:40:00Z,2026-09-08,34,WIND,12610
2026-09-08T15:50:00Z,2026-09-08T15:45:00Z,2026-09-08,34,WIND,12774
2026-09-08T15:55:00Z,2026-09-08T15:50:00Z,2026-09-08,34,WIND,12832
2026-09-08T16:00:00Z,2026-09-08T15:55:00Z,2026-09-08,34,WIND,13003
2026-09-08T16:05:00Z,2026-09-08T16:00:00Z,2026-09-08,35,WIND,13227
2026-09-08T16:10:00Z,2026-09-08T16:05:00Z,2026-09-08,35,WIND,13394
2026-09-08T16:15:00Z,2026-09-08T16:10:00Z,2026-09-08,35,WIND,13568
2026-09-08T16:20:00Z,2026-09-08T16:15:00Z,2026-09-08,35,WIND,13718
2026-09-08T16:25:00Z,2026-09-08T16:20:00Z,2026-09-08,35,WIND,13742
2026-09-08T16:30:00Z,2026-09-08T16:25:00Z,2026-09-08,35,WIND,13857
2026-09-08T16:35:00Z,2026-09-08T16:30:00Z,2026-09-08,36,WIND,14060
2026-09-08T16:40:00Z,2026-09-08T16:35:00Z,2026-09-08,36,WIND,14275
2026-09-08T16:45:00Z,2026-09-08T16:40:00Z,2026-09-08,36,WIND,14398
2026-09-08T16:50:00Z,2026-09-08T16:45:00Z,2026-09-08,36,WIND,14365
2026-09-08T16:55:00Z,2026-09-08T16:50:00Z,2026-09-08,36,WIND,14371
2026-09-08T17:00:00Z,2026-09-08T16:55:00Z,2026-09-08,36,WIND,14321
2026-09-08T17:05:00Z,2026-09-08T17:00:00Z,2026-09-08,37,WIND,14349
2026-09-08T17:10:00Z,2026-09-08T17:05:00Z,2026-09-08,37,WIND,14092
2026-09-08T17:15:00Z,2026-09-08T17:10:00Z,2026-09-08,37,WIND,14019
2026-09-08T17:20:00Z,2026-09-08T17:15:00Z,2026-09-08,37,WIND,14256
2026-09-08T17:25:00Z,2026-09-08T17:20:00Z,2026-09-08,37,WIND,14349
2026-09-08T17:30:00Z,2026-09-08T17:25:00Z,2026-09-08,37,WIND,14505
2026-09-08T17:35:00Z,2026-09-08T17:30:00Z,2026-09-08,38,WIND,14652
2026-09-08T17:40:00Z,2026-09-08T17:35:00Z,2026-09-08,38,WIND,14945
2026-09-08T17:45:00Z,2026-09-08T17:40:00Z,2026-09-08,38,WIND,15106
2026-09-08T17:50:00Z,2026-09-08T17:45:00Z,2026-09-08,38,WIND,15178
2026-09-08T17:55:00Z,2026-09-08T17:50:00Z,2026-09-08,38,WIND,15277
2026-09-08T18:00:00Z,2026-09-08T17:55:00Z,2026-09-08,38,WIND,15361
2026-09-08T18:05:00Z,2026-09-08T18:00:00Z,2026-09-08,39,WIND,15372
2026-09-08T18:10:00Z,2026-09-08T18:05:00Z,2026-09-08,39,WIND,15385
2026-09-08T18:15:00Z,2026-09-08T18:10:00Z,2026-09-08,39,WIND,15415
2026-09-08T18:20:00Z,2026-09-08T18:15:00Z,2026-09-08,39,WIND,15421
2026-09-08T18:25:00Z,2026-09-08T18:20:00Z,2026-09-08,39,WIND,15440
2026-09-08T18:30:00Z,2026-09-08T18:25:00Z,2026-09-08,39,WIND,15430
2026-09-08T18:35:00Z,2026-09-08T18:30:00Z,2026-09-08,40,WIND,15531
2026-09-08T18:40:00Z,2026-09-08T18:35:00Z,2026-09-08,40,WIND,15567
2026-09-08T18:45:00Z,2026-09-08T18:40:00Z,2026-09-08,40,WIND,15538
2026-09-08T18:50:00Z,2026-09-08T18:45:00Z,2026-09-08,40,WIND,15564
2026-09-08T18:55:00Z,2026-09-08T18:50:00Z,2026-09-08,40,WIND,15651
2026-09-08T19:00:00Z,2026-09-08T18:55:00Z,2026-09-08,40,WIND,15741
2026-09-08T19:05:00Z,2026-09-08T19:00:00Z,2026-09-08,41,WIND,15735
2026-09-08T19:10:00Z,2026-09-08T19:05:00Z,2026-09-08,41,WIND,15745
2026-09-08T19:15:00Z,2026-09-08T19:10:00Z,2026-09-08,41,WIND,15732
2026-09-08T19:20:00Z,2026-09-08T19:15:00Z,2026-09-08,41,WIND,15711
2026-09-08T19:25:00Z,2026-09-08T19:20:00Z,2026-09-08,41,WIND,15696
2026-09-08T19:30:00Z,2026-09-08T19:25:00Z,2026-09-08,41,WIND,15667
2026-09-08T19:35:00Z,2026-09-08T19:30:00Z,2026-09-08,42,WIND,15684
2026-09-08T19:40:00Z,2026-09-08T19:35:00Z,2026-09-08,42,WIND,15652
2026-09-08T19:45:00Z,2026-09-08T19:40:00Z,2026-09-08,42,WIND,15651
2026-09-08T19:50:00Z,2026-09-08T19:45:00Z,2026-09-08,42,WIND,15617
2026-09-08T19:55:00Z,2026-09-08T19:50:00Z,2026-09-08,42,WIND,15577
2026-09-08T20:00:00Z,2026-09-08T19:55:00Z,2026-09-08,42,WIND,15536
2026-09-08T20:05:00Z,2026-09-08T20:00:00Z,2026-09-08,43,WIND,15516
2026-09-08T20:10:00Z,2026-09-08T20:05:00Z,2026-09-08,43,WIND,15474
2026-09-08T20:15:00Z,2026-09-08T20:10:00Z,2026-09-08,43,WIND,15457
2026-09-08T20:20:00Z,2026-09-08T20:15:00Z,2026-09-08,43,WIND,15407
2026-09-08T20:25:00Z,2026-09-08T20:20:00Z,2026-09-08,43,WIND,15336
2026-09-08T20:30:00Z,2026-09-08T20:25:00Z,2026-09-08,43,WIND,15318
2026-09-08T20:35:00Z,2026-09-08T20:30:00Z,2026-09-08,44,WIND,15368
2026-09-08T20:40:00Z,2026-09-08T20:35:00Z,2026-09-08,44,WIND,15453
2026-09-08T20:45:00Z,2026-09-08T20:40:00Z,2026-09-08,44,WIND,15470
2026-09-08T20:50:00Z,2026-09-08T20:45:00Z,2026-09-08,44,WIND,15469
2026-09-08T20:55:00Z,2026-09-08T20:50:00Z,2026-09-08,44,WIND,15480
2026-09-08T21:00:00Z,2026-09-08T20:55:00Z,2026-09-08,44,WIND,15422
2026-09-08T21:05:00Z,2026-09-08T21:00:00Z,2026-09-08,45,WIND,15421
2026-09-08T21:10:00Z,2026-09-08T21:05:00Z,2026-09-08,45,WIND,15669
2026-09-08T21:15:00Z,2026-09-08T21:10:00Z,2026-09-08,45,WIND,15823
2026-09-08T21:20:00Z,2026-09-08T21:15:00Z,2026-09-08,45,WIND,16015
2026-09-08T21:25:00Z,2026-09-08T21:20:00Z,2026-09-08,45,WIND,15960
2026-09-08T21:30:00Z,2026-09-08T21:25:00Z,2026-09-08,45,WIND,15976
2026-09-08T21:35:00Z,2026-09-08T21:30:00Z,2026-09-08,46,WIND,16050
2026-09-08T21:40:00Z,2026-09-08T21:35:00Z,2026-09-08,46,WIND,16292
2026-09-08T21:45:00Z,2026-09-08T21:40:00Z,2026-09-08,46,WIND,16487
2026-09-08T21:50:00Z,2026-09-08T21:45:00Z,2026-09-08,46,WIND,16556
2026-09-08T21:55:00Z,2026-09-08T21:50:00Z,2026-09-08,46,WIND,16691
2026-09-08T22:00:00Z,2026-09-08T21:55:00Z,2026-09-08,46,WIND,16651
2026-09-08T22:05:00Z,2026-09-08T22:00:00Z,2026-09-08,47,WIND,16562
2026-09-08T22:10:00Z,2026-09-08T22:05:00Z,2026-09-08,47,WIND,16503
2026-09-08T22:15:00Z,2026-09-08T22:10:00Z,2026-09-08,47,WIND,16365
2026-09-08T22:20:00Z,2026-09-08T22:15:00Z,2026-09-08,47,WIND,16295
2026-09-08T22:25:00Z,2026-09-08T22:20:00Z,2026-09-08,47,WIND,16273
2026-09-08T22:30:00Z,2026-09-08T22:25:00Z,2026-09-08,47,WIND,16278
2026-09-08T22:35:00Z,2026-09-08T22:30:00Z,2026-09-08,48,WIND,16311
2026-09-08T22:40:00Z,2026-09-08T22:35:00Z,2026-09-08,48,WIND,16274
2026-09-08T22:45:00Z,2026-09-08T22:40:00Z,2026-09-08,48,WIND,16230
2026-09-08T22:50:00Z,2026-09-08T22:45:00Z,2026-09-08,48,WIND,16190
2026-09-08T22:55:00Z,2026-09-08T22:50:00Z,2026-09-08,48,WIND,16200
2026-09-08T23:00:00Z,2026-09-08T22:55:00Z,2026-09-08,48,WIND,16164
