settlement_period,accepted_bid_mwh,b1610_mwh,accepted_bid_mw,b1610_mw,fuelinst_mw,unconstrained_primary_mw,unconstrained_sensitivity_mw,hour_start_utc,windfor_da_mw,windfor_sens_mw,err_da_vs_primary_mw,err_da_vs_sensitivity_mw,err_sens_vs_primary_mw
1.5,2870.6847222222223,5036.38,5741.3694444444445,10072.76,11305.0,15814.129444444443,17046.369444444445,2026-09-07 23:00:00+00:00,16049,14733,234.87055555555708,-997.3694444444445,-1081.129444444443
3.5,2834.6392857142855,5070.2425,5669.278571428571,10140.485,11468.666666666668,15809.763571428572,17137.94523809524,2026-09-08 00:00:00+00:00,16596,15732,786.2364285714284,-541.9452380952389,-77.7635714285716
5.5,2562.5695733095054,6051.993,5125.139146619011,12103.986,13484.0,17229.125146619008,18609.13914661901,2026-09-08 01:00:00+00:00,17002,16589,-227.12514661900786,-1607.1391466190107,-640.1251466190079
7.5,2512.5186464945696,6432.882,5025.037292989139,12865.764,14250.916666666666,17890.80129298914,19275.953959655806,2026-09-08 02:00:00+00:00,17355,17301,-535.8012929891411,-1920.953959655806,-589.8012929891411
9.5,2443.992077926714,6672.5650000000005,4887.984155853428,13345.130000000001,14771.0,18233.11415585343,19658.984155853428,2026-09-08 03:00:00+00:00,17538,17634,-695.1141558534291,-2120.984155853428,-599.1141558534291
11.5,2429.913995134871,6638.2325,4859.827990269742,13276.465,14710.5,18136.292990269743,19570.32799026974,2026-09-08 04:00:00+00:00,17472,17607,-664.2929902697433,-2098.3279902697395,-529.2929902697433
13.5,2705.8958333333335,6207.141,5411.791666666667,12414.282,13811.083333333332,17826.073666666667,19222.875,2026-09-08 05:00:00+00:00,17401,17494,-425.0736666666671,-1821.875,-332.0736666666671
15.5,2755.4416666666666,5952.4974999999995,5510.883333333333,11904.994999999999,13290.583333333332,17415.878333333334,18801.466666666667,2026-09-08 06:00:00+00:00,17243,17147,-172.878333333334,-1558.4666666666672,-268.878333333334
17.5,2610.942806388889,5493.5435,5221.885612777778,10987.087,12275.166666666666,16208.97261277778,17497.052279444444,2026-09-08 07:00:00+00:00,16936,16451,727.0273872222206,-561.0522794444441,242.02738722222057
19.5,2373.983562222222,5147.157999999999,4747.967124444444,10294.315999999999,11555.0,15042.283124444444,16302.967124444443,2026-09-08 08:00:00+00:00,16705,15908,1662.7168755555558,402.03287555555653,865.7168755555558
21.5,2179.0256944444445,4940.3615,4358.051388888889,9880.723,11207.083333333332,14238.774388888889,15565.134722222221,2026-09-08 09:00:00+00:00,16433,15623,2194.225611111111,867.8652777777788,1384.225611111111
23.5,2213.229166666667,4887.068499999999,4426.458333333334,9774.136999999999,11138.083333333332,14200.595333333335,15564.541666666666,2026-09-08 10:00:00+00:00,16074,15450,1873.4046666666654,509.45833333333394,1249.4046666666654
25.5,2417.307083333333,4892.1245,4834.614166666666,9784.249,11128.75,14618.863166666666,15963.364166666666,2026-09-08 11:00:00+00:00,15674,15293,1055.136833333334,-289.3641666666663,674.1368333333339
27.5,2481.0677511415524,4838.2445,4962.135502283105,9676.489,10579.416666666668,14638.624502283104,15541.552168949773,2026-09-08 12:00:00+00:00,15472,15102,833.3754977168956,-69.55216894977275,463.37549771689555
29.5,2455.604166666667,4753.032499999999,4911.208333333334,9506.064999999999,9397.166666666668,14417.273333333334,14308.375,2026-09-08 13:00:00+00:00,15545,15208,1127.7266666666656,1236.625,790.7266666666656
31.5,2459.645833333333,4944.8195,4919.291666666666,9889.639,10361.166666666668,14808.930666666667,15280.458333333332,2026-09-08 14:00:00+00:00,15931,15678,1122.069333333333,650.5416666666679,869.0693333333329
33.5,2531.4404759579975,5402.955,5062.880951915995,10805.91,12225.0,15868.790951915995,17287.880951915995,2026-09-08 15:00:00+00:00,16462,16036,593.2090480840052,-825.880951915995,167.2090480840052
35.5,2576.2375,6240.791,5152.475,12481.582,13941.333333333334,17634.057,19093.808333333334,2026-09-08 16:00:00+00:00,16969,16273,-665.0570000000007,-2124.8083333333343,-1361.0570000000007
37.5,2672.7044444444446,6603.0995,5345.408888888889,13206.199,14674.083333333332,18551.607888888888,20019.492222222223,2026-09-08 17:00:00+00:00,17348,16585,-1203.6078888888878,-2671.492222222223,-1966.6078888888878
39.5,2584.175,7076.8955000000005,5168.35,14153.791000000001,15504.583333333332,19322.141,20672.933333333334,2026-09-08 18:00:00+00:00,17677,17031,-1645.1409999999996,-2995.9333333333343,-2291.1409999999996
41.5,2545.2805555555556,7113.14,5090.561111111111,14226.28,15666.916666666668,19316.841111111113,20757.477777777778,2026-09-08 19:00:00+00:00,18044,17532,-1272.8411111111127,-2713.477777777778,-1784.8411111111127
43.5,2524.4298611111108,7015.001,5048.8597222222215,14030.002,15430.833333333332,19078.861722222224,20479.693055555555,2026-09-08 20:00:00+00:00,18380,17895,-698.8617222222238,-2099.6930555555555,-1183.8617222222238
45.5,1976.7497222222223,7330.4725,3953.4994444444446,14660.945,16132.583333333332,18614.444444444445,20086.082777777778,2026-09-08 21:00:00+00:00,18351,18014,-263.44444444444525,-1735.0827777777777,-600.4444444444453
47.5,1684.9083333333333,7288.745,3369.8166666666666,14577.49,16303.75,17947.306666666667,19673.566666666666,2026-09-08 22:00:00+00:00,18012,17785,64.6933333333327,-1661.5666666666657,-162.3066666666673
