settlement_period,period_start_utc,accepted_bid_mwh,b1610_mwh,accepted_bid_mw,b1610_mw,fuelinst_mw,unconstrained_primary_mw,unconstrained_sensitivity_mw
1,2026-09-07 23:00:00+00:00,2974.1694444444443,5003.723,5948.3388888888885,10007.446,11176.833333333334,15955.784888888888,17125.172222222223
2,2026-09-07 23:30:00+00:00,2767.2,5069.037,5534.4,10138.074,11433.166666666666,15672.474,16967.566666666666
3,2026-09-08 00:00:00+00:00,2831.241666666667,4961.184,5662.483333333334,9922.368,11254.5,15584.851333333334,16916.983333333334
4,2026-09-08 00:30:00+00:00,2838.0369047619047,5179.301,5676.073809523809,10358.602,11682.833333333334,16034.675809523811,17358.907142857144
5,2026-09-08 01:00:00+00:00,2630.154761904762,5941.609,5260.309523809524,11883.218,13249.0,17143.527523809524,18509.309523809523
6,2026-09-08 01:30:00+00:00,2494.9843847142483,6162.377,4989.968769428497,12324.754,13719.0,17314.722769428496,18708.968769428495
7,2026-09-08 02:00:00+00:00,2523.710442258695,6318.966,5047.42088451739,12637.932,14011.166666666666,17685.35288451739,19058.587551184057
8,2026-09-08 02:30:00+00:00,2501.326850730444,6546.798,5002.653701460888,13093.596,14490.666666666666,18096.24970146089,19493.320368127555
9,2026-09-08 03:00:00+00:00,2445.0833333333335,6669.204,4890.166666666667,13338.408,14744.833333333334,18228.574666666667,19635.0
10,2026-09-08 03:30:00+00:00,2442.9008225200946,6675.926,4885.801645040189,13351.852,14797.166666666666,18237.65364504019,19682.968311706856
11,2026-09-08 04:00:00+00:00,2436.991666666667,6661.445,4873.983333333334,13322.89,14791.5,18196.873333333333,19665.483333333334
12,2026-09-08 04:30:00+00:00,2422.8363236030755,6615.02,4845.672647206151,13230.04,14629.5,18075.71264720615,19475.17264720615
13,2026-09-08 05:00:00+00:00,2641.766666666667,6372.713,5283.533333333334,12745.426,14137.166666666666,18028.959333333332,19420.7
14,2026-09-08 05:30:00+00:00,2770.025,6041.569,5540.05,12083.138,13485.0,17623.188000000002,19025.05
15,2026-09-08 06:00:00+00:00,2772.325,5996.4529999999995,5544.65,11992.905999999999,13362.0,17537.555999999997,18906.65
16,2026-09-08 06:30:00+00:00,2738.5583333333334,5908.542,5477.116666666667,11817.084,13219.166666666666,17294.200666666668,18696.283333333333
17,2026-09-08 07:00:00+00:00,2685.9333333333334,5601.27,5371.866666666667,11202.54,12508.166666666666,16574.40666666667,17880.033333333333
18,2026-09-08 07:30:00+00:00,2535.9522794444442,5385.817,5071.9045588888885,10771.634,12042.166666666666,15843.53855888889,17114.071225555555
19,2026-09-08 08:00:00+00:00,2428.5171244444446,5263.825,4857.034248888889,10527.65,11767.833333333334,15384.684248888889,16624.86758222222
20,2026-09-08 08:30:00+00:00,2319.45,5030.491,4638.9,10060.982,11342.166666666666,14699.882,15981.066666666666
21,2026-09-08 09:00:00+00:00,2205.113888888889,4935.964,4410.227777777778,9871.928,11181.5,14282.155777777778,15591.727777777778
22,2026-09-08 09:30:00+00:00,2152.9375,4944.759,4305.875,9889.518,11232.666666666666,14195.393,15538.541666666666
23,2026-09-08 10:00:00+00:00,2182.665,4867.98,4365.33,9735.96,11107.166666666666,14101.289999999999,15472.496666666666
24,2026-09-08 10:30:00+00:00,2243.7933333333335,4906.157,4487.586666666667,9812.314,11169.0,14299.900666666668,15656.586666666666
25,2026-09-08 11:00:00+00:00,2349.35753968254,4875.469,4698.71507936508,9750.938,11093.666666666666,14449.65307936508,15792.381746031746
26,2026-09-08 11:30:00+00:00,2485.256626984127,4908.78,4970.513253968254,9817.56,11163.833333333334,14788.073253968254,16134.346587301588
27,2026-09-08 12:00:00+00:00,2488.75,4960.589,4977.5,9921.178,11103.333333333334,14898.678,16080.833333333334
28,2026-09-08 12:30:00+00:00,2473.385502283105,4715.9,4946.77100456621,9431.8,10055.5,14378.571004566209,15002.27100456621
29,2026-09-08 13:00:00+00:00,2460.4666666666667,4664.855,4920.933333333333,9329.71,9258.833333333334,14250.643333333333,14179.766666666666
30,2026-09-08 13:30:00+00:00,2450.741666666667,4841.21,4901.483333333334,9682.42,9535.5,14583.903333333334,14436.983333333334
31,2026-09-08 14:00:00+00:00,2467.5,4882.381,4935.0,9764.762,9462.333333333334,14699.762,14397.333333333334
32,2026-09-08 14:30:00+00:00,2451.7916666666665,5007.258,4903.583333333333,10014.516,11260.0,14918.099333333332,16163.583333333332
33,2026-09-08 15:00:00+00:00,2500.4476189262505,5201.243,5000.895237852501,10402.486,11794.333333333334,15403.381237852502,16795.228571185835
34,2026-09-08 15:30:00+00:00,2562.4333329897445,5604.667,5124.866665979489,11209.334,12655.666666666666,16334.20066597949,17780.533332646155
35,2026-09-08 16:00:00+00:00,2571.633333333333,6067.808,5143.266666666666,12135.616,13584.333333333334,17278.882666666665,18727.6
36,2026-09-08 16:30:00+00:00,2580.8416666666667,6413.774,5161.683333333333,12827.548,14298.333333333334,17989.231333333333,19460.016666666666
37,2026-09-08 17:00:00+00:00,2698.468888888889,6378.627,5396.937777777778,12757.254,14261.666666666666,18154.191777777778,19658.604444444445
38,2026-09-08 17:30:00+00:00,2646.94,6827.572,5293.88,13655.144,15086.5,18949.024,20380.38
39,2026-09-08 18:00:00+00:00,2606.1666666666665,7046.723,5212.333333333333,14093.446,15410.5,19305.779333333332,20622.833333333332
40,2026-09-08 18:30:00+00:00,2562.1833333333334,7107.068,5124.366666666667,14214.136,15598.666666666666,19338.502666666667,20723.033333333333
41,2026-09-08 19:00:00+00:00,2536.8777777777777,7130.863,5073.7555555555555,14261.726,15714.333333333334,19335.481555555554,20788.088888888888
42,2026-09-08 19:30:00+00:00,2553.6833333333334,7095.417,5107.366666666667,14190.834,15619.5,19298.200666666668,20726.86666666667
43,2026-09-08 20:00:00+00:00,2568.7833333333333,7004.252,5137.566666666667,14008.504,15418.0,19146.070666666667,20555.566666666666
44,2026-09-08 20:30:00+00:00,2480.0763888888887,7025.75,4960.152777777777,14051.5,15443.666666666666,19011.652777777777,20403.819444444445
45,2026-09-08 21:00:00+00:00,2174.2097222222224,7220.5289999999995,4348.419444444445,14441.057999999999,15810.666666666666,18789.477444444445,20159.08611111111
46,2026-09-08 21:30:00+00:00,1779.2897222222223,7440.416,3558.5794444444446,14880.832,16454.5,18439.411444444446,20013.079444444444
47,2026-09-08 22:00:00+00:00,1696.3083333333334,7326.162,3392.616666666667,14652.324,16379.333333333334,18044.94066666667,19771.95
48,2026-09-08 22:30:00+00:00,1673.5083333333332,7251.3279999999995,3347.0166666666664,14502.655999999999,16228.166666666666,17849.672666666665,19575.183333333334
